<?xml version="1.0" encoding="utf-8" standalone="no"?>
<!DOCTYPE outline PUBLIC "-//omnigroup.com//DTD OUTLINE 3.0//EN" "http://www.omnigroup.com/namespace/OmniOutliner/xmloutline-v3.dtd">
<outline xmlns="http://www.omnigroup.com/namespace/OmniOutliner/v3">
  <style-attribute-registry>
    <style-attribute version="1" key="font-fill" group="font" name="fill color" class="color">
      <color w="0"/>
    </style-attribute>
    <style-attribute version="0" key="font-fixed-pitch" group="font" name="fixed pitch" class="bool">no</style-attribute>
    <style-attribute version="0" key="font-italic" group="font" name="italic" class="bool">no</style-attribute>
    <style-attribute version="0" key="font-size" group="font" name="size" class="number">12</style-attribute>
    <style-attribute version="0" key="font-weight" group="font" name="weight" class="number">5</style-attribute>
    <style-attribute version="0" key="item-post-gap(com.omnigroup.OmniOutliner)" group="row" name="post gap" class="number">0</style-attribute>
    <style-attribute version="0" key="text-background-color" group="text" name="background color" class="color">
      <color w="0" a="0"/>
    </style-attribute>
    <style-attribute version="1" key="underline-color" group="underline" name="color" class="color">
      <color w="0"/>
    </style-attribute>
    <style-attribute version="1" key="underline-style" group="underline" name="style" class="enum">
      <enum-name-table default-value="0">
        <enum-name-table-element value="0" name="none"/>
        <enum-name-table-element value="1" name="single"/>
        <enum-name-table-element value="2" name="thick"/>
        <enum-name-table-element value="9" name="double"/>
      </enum-name-table>
    </style-attribute>
  </style-attribute-registry>
  <named-styles>
    <named-style id="jk0ugBJNnWr" name="Highlight" display-order="0">
      <style>
        <value key="text-background-color">
          <color r="1" g="1" b="0.4"/>
        </value>
      </style>
    </named-style>
    <named-style id="nPktIn1AKTN" name="Citation" display-order="1">
      <style>
        <value key="underline-color">
          <color r="0" g="0" b="1"/>
        </value>
        <value key="underline-style">thick</value>
      </style>
    </named-style>
    <named-style id="f1kes7SDtDP" name="Emphasis" display-order="2">
      <style>
        <value key="font-italic">yes</value>
      </style>
    </named-style>
  </named-styles>
  <settings>
    <base-style>
      <style>
        <value key="font-fixed-pitch">yes</value>
        <value key="item-post-gap(com.omnigroup.OmniOutliner)">8</value>
      </style>
    </base-style>
    <page-adornment>
      <first-page-headers is-active="yes">
        <header location="center">
          <text>
            <p>
              <run>
                <lit><cell variable="OOSectionTitleVariableIdentifier"/></lit>
              </run>
            </p>
          </text>
        </header>
      </first-page-headers>
    </page-adornment>
    <print-info>
      <print-info-key name="NSLeftMargin" type="coded">BAtzdHJlYW10eXBlZIHoA4QBQISEhAhOU051bWJlcgCEhAdOU1ZhbHVlAISECE5TT2JqZWN0AIWEASqEhAFkl4MAAACAt9tRQIY=</print-info-key>
      <print-info-key name="OOColumnHeaderPrintBehavior" type="int">1</print-info-key>
      <print-info-key name="OOPageHeaderPrintBehavior" type="int">0</print-info-key>
      <print-info-key name="OOScaleDocumentToFitPageWidth" type="boolean">true</print-info-key>
    </print-info>
  </settings>
  <editor status-visible="no" is-spellchecking-enabled="yes">
    <drawer display="sections" palette-height="167"/>
    <selected-rows ids="dL-2-4CeZ_A"/>
    <selected-columns ids="jFqHUGd_Dg1"/>
    <selected-characters range="{0, 0}"/>
  </editor>
  <columns>
    <column id="dTpN3JwYpBn" type="text" width="18" minimum-width="18" maximum-width="18" text-export-width="1" is-note-column="yes">
      <style>
        <value key="font-fill">
          <color r="0.33" g="0.33" b="0.33"/>
        </value>
        <value key="font-italic">yes</value>
        <value key="font-size">11</value>
      </style>
      <title>
        <text>
          <p/>
        </text>
      </title>
    </column>
    <column id="jFqHUGd_Dg1" type="text" width="507" minimum-width="13" maximum-width="1000000" text-export-width="72" is-outline-column="yes">
      <title>
        <text>
          <p>
            <run>
              <lit>Topic</lit>
            </run>
          </p>
        </text>
      </title>
    </column>
  </columns>
  <root>
    <style>
      <value key="font-weight">9</value>
    </style>
    <item id="dL-2-4CeZ_A">
      <values>
        <null/>
      </values>
    </item>
  </root>
</outline>
